id,campaign_id,arm,candidate_id,candidate_title,candidate_role,decision,novelty_confidence,technical_plausibility,commercialization_relevance,key_flaw,reviewer_note,reviewer,created_at
rl_9d_c1_champ,395427c74e9b492c,champion,28da748b8f324552,Sulfide Electrolyte Thermal Runaway Suppression via Phase Transition,champion,approve,0.850,0.860,0.820,none,Highly specific mechanism: endothermic PCM encapsulant absorbing latent heat at 60C onset. Directly addresses the thermal runaway problem limiting solid-state battery commercialization. Testable prediction (zero runaway events in short-circuit tests). Strong IP position.,phase9d_trial,2026-03-12T02:00:00Z
rl_9d_c1_run1,395427c74e9b492c,champion,de0731a694c0,Hydrogen Electrolysis Waste Heat Recovery Loop,runner_up,approve,0.820,0.830,0.790,none,Good cross-domain bridge applying TPV thermal design to electrolyzer waste heat. Concrete efficiency claim (30% cooling load reduction). Commercially relevant given green hydrogen scale-up costs.,phase9d_trial,2026-03-12T02:00:00Z
rl_9d_c2_champ,5f66091ebc2243a9,champion,f5440f26b01b47da,Thermal Management Optimization for Large-Scale Electrolyzer Arrays,champion,approve,0.800,0.790,0.780,efficiency gain claim requires experimental validation at array scale,Applied engineering cross-domain transfer from TPV thermal design principles to electrolyzer cooling. The 30% cooling load reduction is plausible but needs stack-level validation. Commercially important for GW-scale electrolyzer deployment.,phase9d_trial,2026-03-12T02:00:00Z
rl_9d_c2_run1,5f66091ebc2243a9,champion,045ccd43d303,Perovskite-Tandem-Driven PEM Membrane Cross-Linking,runner_up,defer,0.760,0.750,0.710,mechanism for perovskite-to-membrane coupling needs clearer elaboration,Cross-linking concept is interesting but the connection between PEM membrane chemistry and perovskite tandem operation is underspecified. Would need stronger mechanistic bridge.,phase9d_trial,2026-03-12T02:00:00Z
rl_9d_c3_champ,5d4ffdb3fcc048e2,champion,8abfdaf00dcd4918,Thermophotovoltaic Waste Heat Recovery for District Heating Integration,champion,approve,0.820,0.810,0.800,1200C flux requirement is aggressive for building facade deployment,TPV on building facades for district heating is novel framing. The 41.1% efficiency claim is real (two-junction TPV). The 1200C equivalent flux assumption for facade deployment is the key risk. Commercially attractive if flux is achievable from industrial exhaust.,phase9d_trial,2026-03-12T02:00:00Z
rl_9d_c3_run1,5d4ffdb3fcc048e2,champion,27db4b4ab7fc,MOF-808 Aerogel Insulation for Passive Heat Sink Optimization,runner_up,defer,0.770,0.760,0.720,thermal conductivity advantage over conventional aerogels needs quantification,MOF-808 aerogel for passive heat sinking is a natural extension of MOF insulation work. Plausible but the novelty differential vs standard aerogels needs clearer articulation.,phase9d_trial,2026-03-12T02:00:00Z
rl_9d_c4_champ,0d85970835ed4cb1,champion,0f49a60567414834,Perovskite-Tandem Coating for Offshore Wave Energy Converter Power Take-Offs,champion,approve,0.830,0.820,0.810,moisture durability under sustained marine exposure is unresolved,Novel application of diffuse-light-tolerant perovskite tandem on WEC hydrodynamic skins. OABr passivation provides some moisture resistance. The auxiliary power supplement during low-wind/low-tide is commercially useful. Durability under sustained salt spray is the key risk.,phase9d_trial,2026-03-12T02:00:00Z
rl_9d_c4_run1,0d85970835ed4cb1,champion,8a6cb0ad9324,Offshore Floating TPV Arrays Coupled with Deep-Sea Geothermal,runner_up,defer,0.790,0.770,0.740,deep-sea geothermal access cost makes economic case uncertain,Interesting dual-source offshore energy concept. The logistical challenges of accessing deep-sea geothermal alongside surface TPV are significant. Would defer pending a more detailed site-specific economic case.,phase9d_trial,2026-03-12T02:00:00Z
rl_9d_c5_champ,8cf41bbecb3c457b,champion,f8e6c9baf32e46b0,Lignin-Derived Perovskite Passivation for Biomass Solar Integration,champion,defer,0.780,0.770,0.730,lignin-to-passivation-layer synthesis pathway underspecified,The lignin-derived passivation concept is creative but the synthesis pathway from biomass lignin fractions to a functional perovskite passivation layer is not adequately specified. Could be interesting with more mechanistic detail.,phase9d_trial,2026-03-12T02:00:00Z
rl_9d_c5_run1,8cf41bbecb3c457b,champion,54b4f20b7af9,Fermentation-Integrated Photocatalytic Systems for Wastewater,runner_up,defer,0.760,0.740,0.700,dual-function fermentation+photocatalysis integration is underspecified,Interesting combination of fermentation and photocatalysis for wastewater treatment with energy recovery but the co-optimization of two complex biological-chemical systems needs more development.,phase9d_trial,2026-03-12T02:00:00Z
rl_9d_c6_champ,8a1baaf2d75c45d8,champion,7dea0bb3b0ae41db,Biogenic Sulfide Interface Engineering for Bio-Battery Stability,champion,defer,0.760,0.750,0.710,biogenic sulfide production rate vs battery cycling rate mismatch not addressed,The biogenic sulfide interface engineering for battery stability is novel but the mismatch between biological sulfide production rates and battery cycling demands creates a fundamental design challenge that is not addressed.,phase9d_trial,2026-03-12T02:00:00Z
rl_9d_c6_run1,8a1baaf2d75c45d8,champion,df1a15bc147a,Perovskite-Tandem Photocatalysis for Algae Biomass Upcycling,runner_up,defer,0.740,0.730,0.690,algae biomass light absorption competes with photocatalyst,The combination of perovskite photocatalysis with algae biomass is creative but the light absorption competition between algae pigments and the photocatalytic layer creates a fundamental efficiency conflict.,phase9d_trial,2026-03-12T02:00:00Z
rl_9d_ch1_champ,117d49f083054557,challenger,88d39adc457540a6,Carrier Lifetime Extension via Trap-State Suppression in Tandems,champion,approve,0.870,0.870,0.830,none,Highly mechanistically grounded: trap-state suppression via passivation layer is a well-understood mechanism applied to the specific bottleneck in tandem carrier lifetime. Precise and testable. Strong commercial relevance to perovskite tandem efficiency improvement.,phase9d_trial,2026-03-12T02:30:00Z
rl_9d_ch1_run1,117d49f083054557,challenger,8971d055dd05,Spectral Splitting Optimization using Non-Fullerene Acceptors,runner_up,approve,0.860,0.850,0.810,none,Non-fullerene acceptors for spectral splitting in tandem systems is a concrete and well-motivated cross-domain application. The mechanistic pathway from NFA molecular design to spectral splitting optimization is clear. Strong candidate.,phase9d_trial,2026-03-12T02:30:00Z
rl_9d_ch2_champ,6ca72240342d45b1,challenger,d9ee75b5a8384273,Thermally Stabilized Tandem Junctions via Waste Heat Sink Integration,champion,approve,0.860,0.870,0.820,none,Thermal stabilization of tandem junctions by integrating waste heat sinking is mechanistically sound. The thermal expansion mismatch problem in tandems is real and commercially limiting. The waste heat sink integration is a clean cross-domain bridge.,phase9d_trial,2026-03-12T02:30:00Z
rl_9d_ch2_run1,6ca72240342d45b1,challenger,db9c67a7c372,Spectral Splitting Optimization for Tandem Cells Using MOF Filters,runner_up,approve,0.850,0.840,0.800,none,MOF-based spectral filters for tandem optimization is well-specified. The tunable pore chemistry of MOFs provides a credible mechanism for selective spectral transmission. Good novelty and plausibility.,phase9d_trial,2026-03-12T02:30:00Z
rl_9d_ch3_champ,25afc501cfbd4449,challenger,2372f29887e347a4,Thermal-to-Chemical Coupling for High-Temp Battery Safety,champion,approve,0.880,0.880,0.850,none,Excellent cross-domain intervention: coupling thermal runaway heat to a chemical safety response (endothermic reaction) creates a self-regulating safety mechanism. Highly specific mechanism. Strong commercial urgency for battery safety at scale.,phase9d_trial,2026-03-12T02:30:00Z
rl_9d_ch3_run1,25afc501cfbd4449,challenger,01c49169d588,Ammonia-Cracking Derived High-Purity Thermal Buffers,runner_up,approve,0.840,0.830,0.790,none,Ammonia cracking as a thermal buffer mechanism is an interesting cross-domain application of the well-known endothermic NH3 decomposition. The purity claim is well-motivated. Approve with note that integration complexity needs addressing.,phase9d_trial,2026-03-12T02:30:00Z
rl_9d_ch4_champ,4089e3888df3452f,challenger,d75ec2c5409a44cc,NiFe-LDH Membrane Integration for Seawater Electrolysis Stability,champion,approve,0.860,0.860,0.840,none,NiFe-LDH membrane integration for seawater electrolysis stability is mechanistically specific and addresses a real barrier (chloride corrosion and membrane degradation). Well-grounded in the NiFe-LDH literature. High commercial relevance for marine green hydrogen.,phase9d_trial,2026-03-12T02:30:00Z
rl_9d_ch4_run1,4089e3888df3452f,challenger,a4dbc48b9ac9,Thermally Activated Catalyst Support for Low-Temperature Seawater,runner_up,defer,0.790,0.780,0.750,thermal activation threshold in marine environments needs experimental characterization,Thermally activated catalyst support is an interesting concept but the specific activation temperatures achievable in marine low-temperature environments are uncertain. Needs experimental characterization before the claim is convincing.,phase9d_trial,2026-03-12T02:30:00Z
rl_9d_ch5_champ,ff41d501a44f4898,challenger,f6e67d8819224ec0,NiFe-LDH Anode Coupling with Low-Temp DAC for Integrated Green H2/DAC Systems,champion,approve,0.850,0.850,0.860,none,Genuinely interesting cross-domain integration: NiFe-LDH anode chemistry coupled with low-temperature DAC sorbent regeneration creates a dual-purpose electrochemical system. The shared thermal management is the clever part. High commercial relevance for co-located H2/DAC.,phase9d_trial,2026-03-12T02:30:00Z
rl_9d_ch5_run1,ff41d501a44f4898,challenger,ae8769dc119d,Magnetic Field-Assisted Gas Separation in NiFe-LDH Electrolyzer,runner_up,defer,0.800,0.790,0.760,magnetic field infrastructure cost at electrolyzer scale is prohibitive,Magnetic field-assisted gas separation is technically plausible at small scale but the infrastructure cost of superconducting magnets at GW-scale electrolyzer deployment makes the economic case very challenging.,phase9d_trial,2026-03-12T02:30:00Z
rl_9d_ch6_champ,65745a5faa804f5f,challenger,0d84a554efb44391,High-Energy Density Argyrodite Coatings for Lightning Protection,champion,defer,0.790,0.780,0.720,lightning protection is a peripheral clean energy application; mechanism between argyrodite and lightning suppression underspecified,While argyrodite solid electrolytes are commercially relevant for solid-state batteries the lightning protection framing is an unusual application stretch. The mechanism connecting high-energy-density coatings to lightning suppression is not clearly specified.,phase9d_trial,2026-03-12T02:30:00Z
rl_9d_ch6_run1,65745a5faa804f5f,challenger,f929df586d02,Quantum Dot Sensitized Blade Edge Heating for Icing Mitigation,runner_up,defer,0.780,0.770,0.740,QD heating efficiency at blade scale needs demonstration,Quantum dot sensitization for blade de-icing is a plausible concept but QD heating efficiency at wind turbine blade scale has not been demonstrated. Interesting but speculative at this stage.,phase9d_trial,2026-03-12T02:30:00Z
