source,campaign_id,candidate_id,candidate_title,candidate_role,decision,novelty_confidence,technical_plausibility,commercialization_relevance,key_flaw,reviewer_note,reviewer,created_at
,a1b2c3d4e5f64e7a,b3c4d5e6f7a84f8b,,,approve,0.870,0.870,0.820,,Strong mechanism alignment clear bridge from evidence to hypothesis,,
,a1b2c3d4e5f64e7a,c4d5e6f7a8b94f9c,,,approve,0.860,0.860,0.810,,Solid mechanism basis vacancy ordering is well-grounded,,
,f6e7d8c9b0a14f2b,0a1b2c3d4e5f4b3c,,,approve,0.860,0.860,0.800,,Novel radical coupling pathway mechanism clearly stated,,
,f6e7d8c9b0a14f2b,1b2c3d4e5f6a4c4d,,,approve,0.850,0.850,0.790,,Strong Mn-oxo mechanism basis PCET well-understood,,
,2c3d4e5f6a7b4839,3d4e5f6a7b8c4f4a,,,approve,0.850,0.850,0.790,,Interface engineering well-grounded in mechanism evidence,,
,2c3d4e5f6a7b4839,4e5f6a7b8c9d4a5b,,,defer,0.800,0.810,0.760,SEI chemistry is well-known incremental over existing work,Solid but needs clearer differentiation from existing phosphate additive literature,,
,9d0e1f2a3b4c4b5d,9e0f1a2b3c4d4f6e,,,approve,0.880,0.870,0.830,,Vacancy ordering mechanism clearly derived from evidence strong OER connection,,
,9d0e1f2a3b4c4b5d,0f1a2b3c4d5e4a7f,,,approve,0.860,0.860,0.810,,Ceria doping mechanism grounded in spillover literature commercially relevant,,
,6e7f8a9b0c1d4c6e,7f8a9b0c1d2e4b7f,,,approve,0.850,0.860,0.790,,Sulfide quantum confinement and N2 reduction mechanism well-connected,,
,6e7f8a9b0c1d4c6e,8a9b0c1d2e3f4c80,,,defer,0.810,0.820,0.760,Fe porphyrin CO2 reduction is an active area differentiation unclear,Biomass coupling is novel angle but mechanism specificity needs strengthening,,
,3f0a1b2c3d4e4d7f,4a5b6c7d8e9f4c80,,,defer,0.810,0.820,0.760,COF-polysulfide trapping is a known approach incremental improvement needed,Mechanistically sound but incremental — COF scaffold approach well-established in literature,,
,3f0a1b2c3d4e4d7f,5b6c7d8e9f0a4d91,,,defer,0.790,0.800,0.740,ZIF-derived carbon is a mature category,Good mechanism foundation but novelty is low relative to recent work,,
phase9f_shadow,822e6c4ed82445c0,88d39adc457540a6,Carrier Lifetime Extension via Trap-State Suppression in Tandems,champion,approve,0.87,0.87,0.8,,Strong mechanistic grounding; trap-state suppression approach is well-supported by evidence.,operator,2026-03-12T04:39:15Z
phase9f_shadow,91303a97ac2a49b4,d9ee75b5a8384273,Thermally Stabilized Tandem Junctions via Waste Heat Sink Integration,champion,approve,0.86,0.88,0.82,,Novel integration of waste heat management with tandem cell stability; plausibility high.,operator,2026-03-12T04:39:15Z
phase9f_shadow,2fe8e0adf40f4228,2372f29887e347a4,Thermal-to-Chemical Coupling for High-Temp Battery Safety,champion,approve,0.85,0.87,0.83,,Clear mechanism; high commercialization relevance for grid storage safety.,operator,2026-03-12T04:39:15Z
phase9f_shadow,68e67ae1b4e3497e,d75ec2c5409a44cc,NiFe-LDH Membrane Integration for Seawater Electrolysis Stability,champion,approve,0.86,0.86,0.85,,Evidence-aligned; NiFe-LDH mechanism directly supported by retrieved papers.,operator,2026-03-12T04:39:15Z
phase9f_shadow,66ac0fe88fec4a14,f6e67d8819224ec0,NiFe-LDH Anode Coupling with Low-Temp DAC for Integrated Green H2/DAC Systems,champion,approve,0.84,0.85,0.87,NiFe-LDH appeared in adjacent campaign (S4) — monitor for corpus repetition.,Good cross-domain bridge; slight corpus saturation concern for NiFe-LDH sub-domain.,operator,2026-03-12T04:39:15Z
phase9f_shadow,8d70f1d2580548f3,0d84a554efb44391,High-Energy Density Argyrodite Coatings for Lightning Protection,champion,approve,0.82,0.84,0.71,Domain bridge (argyrodite electrolytes → lightning protection) is speculative.,Lowest score in window (0.893); domain bridge is creative but needs stronger mechanism evidence.,operator,2026-03-12T04:39:15Z
phase9f_shadow,822e6c4ed82445c0,60f69fa765ba4467,Perovskite Tandem Stability via OABr Passivation Synergy,runner_up,approve,0.83,0.85,0.75,,Solid candidate; champion scored higher on mechanism specificity.,operator,2026-03-12T04:39:15Z
phase9f_shadow,91303a97ac2a49b4,db9c67a7c3724741,Spectral Splitting Optimization for Tandem Cells Using MOF Filters,runner_up,defer,0.8,0.82,0.75,,MOF filter approach is established; incrementalism concern.,operator,2026-03-12T04:39:15Z
phase9f_shadow,2fe8e0adf40f4228,1b9d490a43674a48,Thermal-Induced Solid Electrolyte Interphase Stabilization in Sulfide Batteries,runner_up,approve,0.83,0.84,0.75,,Strong mechanistic basis; champion scored higher due to broader scope.,operator,2026-03-12T04:39:15Z
phase9f_shadow,68e67ae1b4e3497e,,Seawater Electrolysis Cell Integration with Real-Time Salinity Monitoring,runner_up,approve,0.82,0.83,0.75,,Practical approach; champion had stronger evidence alignment.,operator,2026-03-12T04:39:15Z
phase9f_shadow,66ac0fe88fec4a14,,NiFe-LDH Water-Splitting for Offshore Platform Integration,runner_up,defer,0.79,0.82,0.75,,Related to NiFe-LDH corpus repetition — deferred pending domain diversity check.,operator,2026-03-12T04:39:15Z
phase9f_shadow,8d70f1d2580548f3,,Grid-Scale Battery Thermal Management via Phase Change Materials,runner_up,approve,0.81,0.84,0.75,,Solid runner-up; champion selected for higher novelty score.,operator,2026-03-12T04:39:15Z
phase9f_formal_eval,9e5d26795855404c,69a843c5ed7641d7,Waste Heat-Driven Regeneration of Perovskite-Sorbent Hybrid DAC Units,champion,approve,0.86,0.87,0.88,,Strong cross-domain bridge; mechanism-aligned evidence. High DAC commercialization relevance.,operator,2026-03-12T06:15:41Z
phase9f_formal_eval,9e5d26795855404c,9e51f49cb8e44d3a,CO2 Mineralization via Sulfide-Electrolyte Coupled Electrochemical Reduction,runner_up,approve,0.85,0.85,0.81,,Solid runner-up; sulfide-electrolyte coupling well-grounded.,operator,2026-03-12T06:15:41Z
phase9f_formal_prod,2395a2325d554f20,71a319f7bdeb43ce,Anion-Membrane Inspired Hydrophobic Insulation for Moisture-Resistant Walls,champion,approve,0.87,0.88,0.85,,Excellent cross-domain application; mechanism-aligned evidence. Score 0.913 matches baseline.,operator,2026-03-12T06:15:41Z
phase9f_formal_prod,2395a2325d554f20,9349e53b251b4acd,Perovskite-Enhanced Radiative Sky Cooling Paints for Urban Climate Control,runner_up,approve,0.86,0.88,0.84,,Strong runner-up. Perovskite radiative cooling highly relevant to urban heat mitigation.,operator,2026-03-12T06:15:41Z
